ID,Data,Time

test1,"[[0.1]
 [0.1]
 [0.1]
 [0.1]
 [0.1]
 [0.1]
 [0.1]
 [0.1]
 [0.1]
 [0.1]
 [0.1]
 [0.1]
 [0.1]
 [0.1]
 [0.1]
 [0.1]
 [0.1]
 [0.1]
 [0.1]
 [0.1]
 [0.1]
 [0.1]
 [0.1]
 [0.1]
 [0.1]
 [0.1]
 [0.1]
 [0.1]
 [0.1]
 [0.1]
 [0.1]
 [0.1]
 [0.1]
 [0.1]
 [0.1]
 [0.1]
 [0.1]
 [0.1]
 [0.1]
 [0.1]
 [0.1]
 [0.1]]",1714556115.8909287
test2,1,1714556115.8919296
